{
  "is_appropriate": false,
  "flagged": true,
  "categories": {
    "harassment": false,
    "harassment_threatening": false,
    "hate": false,
    "hate_threatening": false,
    "illicit": false,
    "illicit_violent": false,
    "self_harm": false,
    "self_harm_instructions": false,
    "self_harm_intent": false,
    "sexual": false,
    "sexual_minors": false,
    "violence": true,
    "violence_graphic": true,
    "harassment/threatening": false,
    "hate/threatening": false,
    "illicit/violent": false,
    "self-harm/intent": false,
    "self-harm/instructions": false,
    "self-harm": false,
    "sexual/minors": false,
    "violence/graphic": true
  },
  "category_scores": {
    "harassment": 0.0007245351128564502,
    "harassment_threatening": 0.0009096409222737908,
    "hate": 0.000028910325640811868,
    "hate_threatening": 0.000010150383174795513,
    "illicit": 0.007599089904543002,
    "illicit_violent": 0.0000849245621693171,
    "self_harm": 0.004719694367014722,
    "self_harm_instructions": 0.0002157343465494457,
    "self_harm_intent": 0.00022914444123060576,
    "sexual": 0.000017400543552708932,
    "sexual_minors": 5.77192003016332e-7,
    "violence": 0.8340731791116923,
    "violence_graphic": 0.5752719219483347,
    "harassment/threatening": 0.0009096409222737908,
    "hate/threatening": 0.000010150383174795513,
    "illicit/violent": 0.0000849245621693171,
    "self-harm/intent": 0.00022914444123060576,
    "self-harm/instructions": 0.0002157343465494457,
    "self-harm": 0.004719694367014722,
    "sexual/minors": 5.77192003016332e-7,
    "violence/graphic": 0.5752719219483347
  }
}
