{
  "is_appropriate": true,
  "flagged": false,
  "categories": {
    "harassment": false,
    "harassment_threatening": false,
    "hate": false,
    "hate_threatening": false,
    "illicit": false,
    "illicit_violent": false,
    "self_harm": false,
    "self_harm_instructions": false,
    "self_harm_intent": false,
    "sexual": false,
    "sexual_minors": false,
    "violence": false,
    "violence_graphic": false,
    "harassment/threatening": false,
    "hate/threatening": false,
    "illicit/violent": false,
    "self-harm/intent": false,
    "self-harm/instructions": false,
    "self-harm": false,
    "sexual/minors": false,
    "violence/graphic": false
  },
  "category_scores": {
    "harassment": 0.000005562206273647035,
    "harassment_threatening": 3.500854414401442e-7,
    "hate": 0.0000014971083692627422,
    "hate_threatening": 9.13254801895554e-8,
    "illicit": 0.000004069457790466838,
    "illicit_violent": 8.139692624947503e-7,
    "self_harm": 0.0000014510478554719287,
    "self_harm_instructions": 1.3287773439792038e-7,
    "self_harm_intent": 6.962256250138369e-7,
    "sexual": 0.0000026688529572628562,
    "sexual_minors": 2.1907815825757866e-7,
    "violence": 0.00001442598644847886,
    "violence_graphic": 0.0000022827997192887966,
    "harassment/threatening": 3.500854414401442e-7,
    "hate/threatening": 9.13254801895554e-8,
    "illicit/violent": 8.139692624947503e-7,
    "self-harm/intent": 6.962256250138369e-7,
    "self-harm/instructions": 1.3287773439792038e-7,
    "self-harm": 0.0000014510478554719287,
    "sexual/minors": 2.1907815825757866e-7,
    "violence/graphic": 0.0000022827997192887966
  }
}
